-0.476263, -0.601319, 0.596820, 0.596820 
-0.139025, -0.267576, 0.474461, 0.474461 
-0.067318, -0.042952, 0.235792, 0.235792 
-0.053984, -0.005851, 0.039425, 0.039425 
-0.036037, 0.007845, 0.022576, 0.022576 
-0.005135, -0.012612, 0.037059, 0.037059 
0.010773, 0.007135, 0.025358, 0.025358 
0.026466, -0.003832, 0.019146, 0.019146 
0.501237, 0.222803, 0.526091, 0.526091 
0.492050, 0.233911, 0.014414, 0.014414 
0.490881, 0.237115, 0.003411, 0.003411 
0.492931, 0.243130, 0.006354, 0.006354 
0.497007, 0.243014, 0.004077, 0.004077 
0.498650, 0.249268, 0.006466, 0.006466 
0.503047, 0.248787, 0.004423, 0.004423 
0.503573, 0.252122, 0.003377, 0.003377 
0.514478, 0.256698, 0.011826, 0.011826 
0.513163, 0.259819, 0.003387, 0.003387 
0.515129, 0.265315, 0.005837, 0.005837 
0.518883, 0.265349, 0.003754, 0.003754 
0.520091, 0.271428, 0.006198, 0.006198 
0.522345, 0.271064, 0.002283, 0.002283 
0.540571, 0.282194, 0.021356, 0.021356 
0.538133, 0.286109, 0.004612, 0.004612 
0.539501, 0.291543, 0.005603, 0.005603 
0.541503, 0.291355, 0.002011, 0.002011 
0.557498, 0.303046, 0.019812, 0.019812 
0.555847, 0.306076, 0.003451, 0.003451 
0.559687, 0.315107, 0.009814, 0.009814 
0.562219, 0.314382, 0.002634, 0.002634 
0.577571, 0.325062, 0.018702, 0.018702 
0.575374, 0.328393, 0.003990, 0.003990 
0.579069, 0.336713, 0.009104, 0.009104 
0.581343, 0.336169, 0.002338, 0.002338 
0.607652, 0.358551, 0.034542, 0.034542 
0.604110, 0.362727, 0.005476, 0.005476 
0.620039, 0.390500, 0.032018, 0.032018 
0.624455, 0.388136, 0.005009, 0.005009 
0.699354, 0.478514, 0.117380, 0.117380 
0.697050, 0.480581, 0.003095, 0.003095 
0.696199, 0.481616, 0.001340, 0.001340 
0.695712, 0.482818, 0.001297, 0.001297 
0.700015, 0.486559, 0.005702, 0.005702 
0.699294, 0.487912, 0.001533, 0.001533 
0.703883, 0.491349, 0.005734, 0.005734 
0.703333, 0.492151, 0.000971, 0.000971 
0.703104, 0.493138, 0.001014, 0.001014 
0.710965, 0.500743, 0.010938, 0.010938 
0.710217, 0.501666, 0.001189, 0.001189 
0.709828, 0.502737, 0.001139, 0.001139 
0.713936, 0.506231, 0.005393, 0.005393 
0.713116, 0.507588, 0.001585, 0.001585 
0.715489, 0.509067, 0.002796, 0.002796 
0.715003, 0.510183, 0.001217, 0.001217 
0.719234, 0.513452, 0.005347, 0.005347 
0.718702, 0.514203, 0.000920, 0.000920 
0.718493, 0.515113, 0.000934, 0.000934 
0.726037, 0.522107, 0.010287, 0.010287 
0.725148, 0.523088, 0.001324, 0.001324 
0.724663, 0.524163, 0.001179, 0.001179 
0.726761, 0.525684, 0.002591, 0.002591 
0.726410, 0.526659, 0.001037, 0.001037 
0.730364, 0.529823, 0.005064, 0.005064 
0.729861, 0.530527, 0.000866, 0.000866 
0.729679, 0.531375, 0.000867, 0.000867 
0.733308, 0.534677, 0.004906, 0.004906 
0.732951, 0.535275, 0.000696, 0.000696 
0.732813, 0.536792, 0.001523, 0.001523 
0.733729, 0.536880, 0.000920, 0.000920 
0.735267, 0.541502, 0.004872, 0.004872 
0.736038, 0.541329, 0.000791, 0.000791 
0.736826, 0.541494, 0.000805, 0.000805 
0.738519, 0.545927, 0.004744, 0.004744 
0.739178, 0.545826, 0.000667, 0.000667 
0.740570, 0.546263, 0.001459, 0.001459 
0.740321, 0.547115, 0.000888, 0.000888 
0.743990, 0.550118, 0.004741, 0.004741 
0.743501, 0.550782, 0.000826, 0.000826 
0.743335, 0.551568, 0.000803, 0.000803 
0.746811, 0.554625, 0.004629, 0.004629 
0.746401, 0.555231, 0.000731, 0.000731 
0.746293, 0.555966, 0.000743, 0.000743 
0.749617, 0.559051, 0.004535, 0.004535 
0.749264, 0.559613, 0.000663, 0.000663 
0.749199, 0.560310, 0.000700, 0.000700 
0.755604, 0.566496, 0.008905, 0.008905 
0.754771, 0.567364, 0.001203, 0.001203 
0.754364, 0.568268, 0.000992, 0.000992 
0.756325, 0.569512, 0.002322, 0.002322 
0.756058, 0.570003, 0.000559, 0.000559 
0.756050, 0.571269, 0.001265, 0.001265 
0.756800, 0.571403, 0.000762, 0.000762 
0.758042, 0.575603, 0.004380, 0.004380 
0.758804, 0.575413, 0.000785, 0.000785 
0.759526, 0.575557, 0.000737, 0.000737 
0.760761, 0.579692, 0.004315, 0.004315 
0.761506, 0.579509, 0.000767, 0.000767 
0.762210, 0.579658, 0.000720, 0.000720 
0.763420, 0.583740, 0.004257, 0.004257 
0.764159, 0.583558, 0.000761, 0.000761 
0.764853, 0.583707, 0.000709, 0.000709 
0.766021, 0.587747, 0.004206, 0.004206 
0.766765, 0.587560, 0.000767, 0.000767 
0.767455, 0.587704, 0.000705, 0.000705 
0.768565, 0.591715, 0.004162, 0.004162 
0.769324, 0.591515, 0.000785, 0.000785 
0.770018, 0.591650, 0.000707, 0.000707 
0.770536, 0.593647, 0.002063, 0.002063 
0.771385, 0.593678, 0.000850, 0.000850 
0.771685, 0.595799, 0.002142, 0.002142 
0.772222, 0.595740, 0.000540, 0.000540 
0.773294, 0.596198, 0.001166, 0.001166 
0.773101, 0.596895, 0.000723, 0.000723 
0.774738, 0.598129, 0.002050, 0.002050 
0.774353, 0.598946, 0.000903, 0.000903 
0.775297, 0.599475, 0.001082, 0.001082 
0.775199, 0.600104, 0.000637, 0.000637 
0.778204, 0.602697, 0.003969, 0.003969 
0.777754, 0.603264, 0.000724, 0.000724 
0.777627, 0.603904, 0.000652, 0.000652 
0.779156, 0.605155, 0.001976, 0.001976 
0.778844, 0.605909, 0.000816, 0.000816 
0.779733, 0.606447, 0.001039, 0.001039 
0.779658, 0.607047, 0.000604, 0.000604 
0.782553, 0.609606, 0.003864, 0.003864 
0.782127, 0.610150, 0.000691, 0.000691 
0.782017, 0.610764, 0.000624, 0.000624 
0.783501, 0.611993, 0.001927, 0.001927 
0.783195, 0.612728, 0.000796, 0.000796 
0.784073, 0.613249, 0.001020, 0.001020 
0.783984, 0.613843, 0.000601, 0.000601 
0.786871, 0.616307, 0.003795, 0.003795 
0.786409, 0.616866, 0.000725, 0.000725 
0.786277, 0.617480, 0.000628, 0.000628 
0.787771, 0.618653, 0.001900, 0.001900 
0.787412, 0.619407, 0.000835, 0.000835 
0.788322, 0.619885, 0.001027, 0.001027 
0.788184, 0.620496, 0.000627, 0.000627 
0.789678, 0.621648, 0.001886, 0.001886 
0.789301, 0.622407, 0.000847, 0.000847 
0.790221, 0.622867, 0.001029, 0.001029 
0.790064, 0.623485, 0.000638, 0.000638 
0.791577, 0.624603, 0.001882, 0.001882 
0.791368, 0.624992, 0.000441, 0.000441 
0.791426, 0.625986, 0.000995, 0.000995 
0.792012, 0.626130, 0.000604, 0.000604 
0.792406, 0.627933, 0.001845, 0.001845 
0.792819, 0.627928, 0.000413, 0.000413 
0.793652, 0.628424, 0.000969, 0.000969 
0.793553, 0.628994, 0.000578, 0.000578 
0.794962, 0.630138, 0.001815, 0.001815 
0.794629, 0.630852, 0.000787, 0.000787 
0.795509, 0.631307, 0.000991, 0.000991 
0.795359, 0.631904, 0.000615, 0.000615 
0.796838, 0.632984, 0.001832, 0.001832 
0.796623, 0.633368, 0.000440, 0.000440 
0.796669, 0.634336, 0.000969, 0.000969 
0.797249, 0.634471, 0.000595, 0.000595 
0.797591, 0.636243, 0.001805, 0.001805 
0.798015, 0.636225, 0.000424, 0.000424 
0.798841, 0.636696, 0.000951, 0.000951 
0.798721, 0.637263, 0.000580, 0.000580 
0.800138, 0.638345, 0.001782, 0.001782 
0.799942, 0.638712, 0.000415, 0.000415 
0.800011, 0.639646, 0.000937, 0.000937 
0.800560, 0.639791, 0.000568, 0.000568 
0.800911, 0.641518, 0.001762, 0.001762 
0.801318, 0.641506, 0.000408, 0.000408 
0.802113, 0.641979, 0.000925, 0.000925 
0.802005, 0.642528, 0.000560, 0.000560 
0.803386, 0.643596, 0.001746, 0.001746 
0.803195, 0.643954, 0.000406, 0.000406 
0.803266, 0.644866, 0.000915, 0.000915 
0.803802, 0.645011, 0.000555, 0.000555 
0.804137, 0.646709, 0.001731, 0.001731 
0.804543, 0.646695, 0.000406, 0.000406 
0.805323, 0.647159, 0.000908, 0.000908 
0.805211, 0.647701, 0.000553, 0.000553 
0.806582, 0.648739, 0.001720, 0.001720 
0.806382, 0.649098, 0.000411, 0.000411 
0.806441, 0.649999, 0.000903, 0.000903 
0.806978, 0.650135, 0.000554, 0.000554 
0.807274, 0.651820, 0.001711, 0.001711 
0.807691, 0.651795, 0.000417, 0.000417 
0.808474, 0.652240, 0.000901, 0.000901 
0.808344, 0.652783, 0.000558, 0.000558 
0.809729, 0.653779, 0.001706, 0.001706 
0.809505, 0.654147, 0.000431, 0.000431 
0.809536, 0.655047, 0.000901, 0.000901 
0.810089, 0.655165, 0.000566, 0.000566 
0.810323, 0.656852, 0.001703, 0.001703 
0.810766, 0.656807, 0.000445, 0.000445 
0.811568, 0.657224, 0.000904, 0.000904 
0.811405, 0.657778, 0.000577, 0.000577 
0.812118, 0.658247, 0.000853, 0.000853 
0.812034, 0.658750, 0.000511, 0.000511 
0.813324, 0.659765, 0.001641, 0.001641 
0.813139, 0.660103, 0.000386, 0.000386 
0.813211, 0.660955, 0.000856, 0.000856 
0.813714, 0.661095, 0.000522, 0.000522 
0.813992, 0.662713, 0.001642, 0.001642 
0.814397, 0.662688, 0.000406, 0.000406 
0.815141, 0.663120, 0.000862, 0.000862 
0.815013, 0.663642, 0.000537, 0.000537 
0.816363, 0.664587, 0.001648, 0.001648 
0.816128, 0.664951, 0.000433, 0.000433 
0.816143, 0.665821, 0.000871, 0.000871 
0.816690, 0.665926, 0.000557, 0.000557 
0.816774, 0.666752, 0.000830, 0.000830 
0.817255, 0.666896, 0.000502, 0.000502 
0.817531, 0.668474, 0.001602, 0.001602 
0.817925, 0.668451, 0.000395, 0.000395 
0.818645, 0.668880, 0.000838, 0.000838 
0.818522, 0.669388, 0.000522, 0.000522 
0.819845, 0.670312, 0.001614, 0.001614 
0.819610, 0.670670, 0.000429, 0.000429 
0.819623, 0.671522, 0.000852, 0.000852 
0.820161, 0.671623, 0.000547, 0.000547 
0.820232, 0.672436, 0.000816, 0.000816 
0.820714, 0.672571, 0.000500, 0.000500 
0.820951, 0.674133, 0.001580, 0.001580 
0.821356, 0.674099, 0.000407, 0.000407 
0.822076, 0.674510, 0.000829, 0.000829 
0.821937, 0.675018, 0.000526, 0.000526 
0.822606, 0.675457, 0.000800, 0.000800 
0.822513, 0.675935, 0.000486, 0.000486 
0.823763, 0.676861, 0.001556, 0.001556 
0.823552, 0.677198, 0.000398, 0.000398 
0.823591, 0.678011, 0.000814, 0.000814 
0.824093, 0.678125, 0.000514, 0.000514 
0.824174, 0.678909, 0.000788, 0.000788 
0.824633, 0.679048, 0.000479, 0.000479 
0.824868, 0.680566, 0.001537, 0.001537 
0.825261, 0.680535, 0.000395, 0.000395 
0.825955, 0.680942, 0.000804, 0.000804 
0.825822, 0.681434, 0.000509, 0.000509 
0.826476, 0.681862, 0.000781, 0.000781 
0.826379, 0.682331, 0.000478, 0.000478 
0.827617, 0.683224, 0.001526, 0.001526 
0.827395, 0.683561, 0.000403, 0.000403 
0.827422, 0.684359, 0.000799, 0.000799 
0.827923, 0.684464, 0.000512, 0.000512 
0.827983, 0.685239, 0.000778, 0.000778 
0.828450, 0.685363, 0.000483, 0.000483 
0.828628, 0.686874, 0.001521, 0.001521 
0.829044, 0.686825, 0.000418, 0.000418 
0.829747, 0.687206, 0.000800, 0.000800 
0.829586, 0.687704, 0.000523, 0.000523 
0.830257, 0.688102, 0.000780, 0.000780 
0.830126, 0.688580, 0.000496, 0.000496 
0.830768, 0.688993, 0.000763, 0.000763 
0.830662, 0.689455, 0.000473, 0.000473 
0.831278, 0.689880, 0.000749, 0.000749 
0.831195, 0.690327, 0.000455, 0.000455 
0.832383, 0.691198, 0.001474, 0.001474 
0.832170, 0.691523, 0.000389, 0.000389 
0.832202, 0.692291, 0.000769, 0.000769 
0.832683, 0.692397, 0.000492, 0.000492 
0.832736, 0.693150, 0.000755, 0.000755 
0.833194, 0.693267, 0.000473, 0.000473 
0.833265, 0.694006, 0.000743, 0.000743 
0.833705, 0.694133, 0.000457, 0.000457 
0.833878, 0.695588, 0.001465, 0.001465 
0.834279, 0.695542, 0.000404, 0.000404 
0.834948, 0.695917, 0.000767, 0.000767 
0.834796, 0.696394, 0.000501, 0.000501 
0.835447, 0.696777, 0.000755, 0.000755 
0.835310, 0.697244, 0.000487, 0.000487 
0.835945, 0.697633, 0.000745, 0.000745 
0.835821, 0.698091, 0.000474, 0.000474 
0.836443, 0.698487, 0.000737, 0.000737 
0.836330, 0.698936, 0.000463, 0.000463 
0.836939, 0.699336, 0.000729, 0.000729 
0.836837, 0.699778, 0.000453, 0.000453 
0.837434, 0.700182, 0.000722, 0.000722 
0.837340, 0.700618, 0.000445, 0.000445 
0.837929, 0.701025, 0.000716, 0.000716 
0.837842, 0.701455, 0.000438, 0.000438 
0.839002, 0.702274, 0.001420, 0.001420 
0.838776, 0.702597, 0.000394, 0.000394 
0.838793, 0.703337, 0.000741, 0.000741 
0.839268, 0.703429, 0.000484, 0.000484 
0.839290, 0.704165, 0.000735, 0.000735 
0.839758, 0.704259, 0.000478, 0.000478 
0.839784, 0.704990, 0.000731, 0.000731 
0.840248, 0.705086, 0.000474, 0.000474 
0.840275, 0.705813, 0.000727, 0.000727 
0.840735, 0.705910, 0.000471, 0.000471 
0.840763, 0.706633, 0.000724, 0.000724 
0.841221, 0.706731, 0.000468, 0.000468 
0.841249, 0.707451, 0.000721, 0.000721 
0.841706, 0.707549, 0.000467, 0.000467 
0.841733, 0.708267, 0.000719, 0.000719 
0.842189, 0.708364, 0.000466, 0.000466 
0.842213, 0.709081, 0.000718, 0.000718 
0.842670, 0.709176, 0.000467, 0.000467 
0.842691, 0.709893, 0.000717, 0.000717 
0.843150, 0.709985, 0.000468, 0.000468 
0.843167, 0.710702, 0.000717, 0.000717 
0.843629, 0.710791, 0.000471, 0.000471 
0.843639, 0.711509, 0.000718, 0.000718 
0.844106, 0.711594, 0.000475, 0.000475 
0.844109, 0.712314, 0.000720, 0.000720 
0.844582, 0.712394, 0.000479, 0.000479 
0.844577, 0.713116, 0.000722, 0.000722 
0.845056, 0.713192, 0.000485, 0.000485 
0.845041, 0.713917, 0.000725, 0.000725 
0.845529, 0.713986, 0.000493, 0.000493 
0.845503, 0.714715, 0.000730, 0.000730 
0.846001, 0.714778, 0.000502, 0.000502 
0.845962, 0.715512, 0.000735, 0.000735 
0.846471, 0.715567, 0.000512, 0.000512 
0.846418, 0.716307, 0.000742, 0.000742 
0.846679, 0.716329, 0.000262, 0.000262 
0.847655, 0.717168, 0.001287, 0.001287 
0.847505, 0.717432, 0.000304, 0.000304 
0.847681, 0.718734, 0.001314, 0.001314 
0.848035, 0.718701, 0.000356, 0.000356 
0.848609, 0.719062, 0.000678, 0.000678 
0.848488, 0.719482, 0.000437, 0.000437 
0.849076, 0.719833, 0.000685, 0.000685 
0.848938, 0.720261, 0.000450, 0.000450 
0.849542, 0.720600, 0.000693, 0.000693 
0.849386, 0.721039, 0.000465, 0.000465 
0.850009, 0.721364, 0.000703, 0.000703 
0.849831, 0.721814, 0.000483, 0.000483 
0.850475, 0.722125, 0.000715, 0.000715 
0.850273, 0.722587, 0.000504, 0.000504 
0.850607, 0.722734, 0.000365, 0.000365 
0.850820, 0.723981, 0.001265, 0.001265 
0.851140, 0.723965, 0.000321, 0.000321 
0.851671, 0.724336, 0.000648, 0.000648 
0.851580, 0.724730, 0.000404, 0.000404 
0.852129, 0.725088, 0.000656, 0.000656 
0.852017, 0.725493, 0.000420, 0.000420 
0.852587, 0.725837, 0.000666, 0.000666 
0.852451, 0.726254, 0.000439, 0.000439 
0.853045, 0.726582, 0.000678, 0.000678 
0.852883, 0.727013, 0.000461, 0.000461 
0.853504, 0.727323, 0.000694, 0.000694 
0.853312, 0.727771, 0.000487, 0.000487 
0.853638, 0.727915, 0.000357, 0.000357 
0.853839, 0.729137, 0.001238, 0.001238 
0.854156, 0.729118, 0.000318, 0.000318 
0.854676, 0.729482, 0.000634, 0.000634 
0.854583, 0.729868, 0.000397, 0.000397 
0.855126, 0.730215, 0.000644, 0.000644 
0.855007, 0.730615, 0.000418, 0.000418 
0.855577, 0.730944, 0.000658, 0.000658 
0.855428, 0.731361, 0.000443, 0.000443 
0.856029, 0.731670, 0.000676, 0.000676 
0.855845, 0.732106, 0.000473, 0.000473 
0.856164, 0.732248, 0.000349, 0.000349 
0.856355, 0.733449, 0.001216, 0.001216 
0.856671, 0.733429, 0.000316, 0.000316 
0.857180, 0.733785, 0.000621, 0.000621 
0.857087, 0.734165, 0.000391, 0.000391 
0.857624, 0.734503, 0.000634, 0.000634 
0.857500, 0.734900, 0.000415, 0.000415 
0.858069, 0.735217, 0.000652, 0.000652 
0.857909, 0.735633, 0.000446, 0.000446 
0.858517, 0.735926, 0.000674, 0.000674 
0.858416, 0.736146, 0.000242, 0.000242 
0.858665, 0.737289, 0.001170, 0.001170 
0.858935, 0.737292, 0.000271, 0.000271 
0.859857, 0.738039, 0.001186, 0.001186 
0.859689, 0.738296, 0.000307, 0.000307 
0.859752, 0.738897, 0.000604, 0.000604 
0.860114, 0.739005, 0.000378, 0.000378 
0.860143, 0.739623, 0.000619, 0.000619 
0.860540, 0.739710, 0.000406, 0.000406 
0.860529, 0.740349, 0.000639, 0.000639 
0.860966, 0.740412, 0.000441, 0.000441 
0.860937, 0.740744, 0.000333, 0.000333 
0.861849, 0.741477, 0.001169, 0.001169 
0.861679, 0.741732, 0.000307, 0.000307 
0.861738, 0.742324, 0.000595, 0.000595 
0.862098, 0.742429, 0.000374, 0.000374 
0.862120, 0.743041, 0.000612, 0.000612 
0.862517, 0.743123, 0.000405, 0.000405 
0.862496, 0.743758, 0.000635, 0.000635 
0.862938, 0.743813, 0.000445, 0.000445 
0.862901, 0.744145, 0.000334, 0.000334 
0.863820, 0.744854, 0.001160, 0.001160 
0.863637, 0.745114, 0.000318, 0.000318 
0.863684, 0.745703, 0.000591, 0.000591 
0.864050, 0.745800, 0.000379, 0.000379 
0.864055, 0.746411, 0.000612, 0.000612 
0.864465, 0.746482, 0.000416, 0.000416 
0.864419, 0.747120, 0.000640, 0.000640 
0.864650, 0.747140, 0.000232, 0.000232 
0.865468, 0.747890, 0.001110, 0.001110 
0.865344, 0.748113, 0.000256, 0.000256 
0.865538, 0.749217, 0.001120, 0.001120 
0.865821, 0.749205, 0.000283, 0.000283 
0.866724, 0.749895, 0.001136, 0.001136 
0.866539, 0.750151, 0.000316, 0.000316 
0.866582, 0.750728, 0.000578, 0.000578 
0.866943, 0.750821, 0.000372, 0.000372 
0.866940, 0.751422, 0.000601, 0.000601 
0.867349, 0.751486, 0.000414, 0.000414 
0.867319, 0.751802, 0.000317, 0.000317 
0.868197, 0.752490, 0.001116, 0.001116 
0.868022, 0.752740, 0.000305, 0.000305 
0.868073, 0.753304, 0.000567, 0.000567 
0.868421, 0.753401, 0.000361, 0.000361 
0.868425, 0.753990, 0.000589, 0.000589 
0.868822, 0.754057, 0.000403, 0.000403 
0.868795, 0.754368, 0.000312, 0.000312 
0.869658, 0.755051, 0.001101, 0.001101 
0.869487, 0.755296, 0.000299, 0.000299 
0.869540, 0.755851, 0.000558, 0.000558 
0.869881, 0.755949, 0.000354, 0.000354 
0.869886, 0.756530, 0.000581, 0.000581 
0.870277, 0.756597, 0.000397, 0.000397 
0.870250, 0.756904, 0.000308, 0.000308 
0.871105, 0.757577, 0.001089, 0.001089 
0.870933, 0.757821, 0.000299, 0.000299 
0.870985, 0.758370, 0.000552, 0.000552 
0.871322, 0.758465, 0.000351, 0.000351 
0.871324, 0.759042, 0.000576, 0.000576 
0.871715, 0.759105, 0.000396, 0.000396 
0.871684, 0.759411, 0.000307, 0.000307 
0.872540, 0.760070, 0.001080, 0.001080 
0.872361, 0.760315, 0.000303, 0.000303 
0.872407, 0.760860, 0.000547, 0.000547 
0.872746, 0.760951, 0.000352, 0.000352 
0.872738, 0.761525, 0.000574, 0.000574 
0.873135, 0.761583, 0.000401, 0.000401 
0.873097, 0.761889, 0.000308, 0.000308 
0.873529, 0.762209, 0.000538, 0.000538 
0.873447, 0.762539, 0.000340, 0.000340 
0.873929, 0.762829, 0.000563, 0.000563 
0.873791, 0.763189, 0.000387, 0.000387 
0.874065, 0.763315, 0.000301, 0.000301 
0.874191, 0.764368, 0.001061, 0.001061 
0.874491, 0.764337, 0.000301, 0.000301 
0.874929, 0.764647, 0.000537, 0.000537 
0.874834, 0.764981, 0.000347, 0.000347 
0.875328, 0.765257, 0.000566, 0.000566 
0.875250, 0.765441, 0.000200, 0.000200 
0.875754, 0.767380, 0.002003, 0.002003 
0.876146, 0.767295, 0.000401, 0.000401 
0.876653, 0.767558, 0.000572, 0.000572 
0.876564, 0.767746, 0.000208, 0.000208 
0.877029, 0.769681, 0.001990, 0.001990 
0.877441, 0.769583, 0.000423, 0.000423 
0.877701, 0.769708, 0.000288, 0.000288 
0.877827, 0.770725, 0.001024, 0.001024 
0.878115, 0.770696, 0.000289, 0.000289 
0.878533, 0.771001, 0.000517, 0.000517 
0.878445, 0.771321, 0.000331, 0.000331 
0.878921, 0.771590, 0.000547, 0.000547 
0.878844, 0.771768, 0.000194, 0.000194 
0.879340, 0.773640, 0.001937, 0.001937 
0.879714, 0.773562, 0.000382, 0.000382 
0.880194, 0.773823, 0.000547, 0.000547 
0.880112, 0.774003, 0.000197, 0.000197 
0.880585, 0.775862, 0.001919, 0.001919 
0.880967, 0.775778, 0.000391, 0.000391 
0.881450, 0.776032, 0.000545, 0.000545 
0.881364, 0.776212, 0.000199, 0.000199 
0.881819, 0.778057, 0.001900, 0.001900 
0.882206, 0.777969, 0.000397, 0.000397 
0.882687, 0.778217, 0.000542, 0.000542 
0.882599, 0.778397, 0.000200, 0.000200 
0.883042, 0.780224, 0.001880, 0.001880 
0.883430, 0.780134, 0.000398, 0.000398 
0.883907, 0.780379, 0.000537, 0.000537 
0.883819, 0.780557, 0.000199, 0.000199 
0.884255, 0.782365, 0.001859, 0.001859 
0.884639, 0.782275, 0.000394, 0.000394 
0.885110, 0.782518, 0.000530, 0.000530 
0.885023, 0.782695, 0.000197, 0.000197 
0.885458, 0.784479, 0.001836, 0.001836 
0.885835, 0.784392, 0.000387, 0.000387 
0.886296, 0.784635, 0.000521, 0.000521 
0.886212, 0.784808, 0.000192, 0.000192 
0.886650, 0.786567, 0.001813, 0.001813 
0.887017, 0.786485, 0.000375, 0.000375 
0.887465, 0.786730, 0.000511, 0.000511 
0.887385, 0.786899, 0.000187, 0.000187 
0.887832, 0.788630, 0.001788, 0.001788 
0.888184, 0.788555, 0.000360, 0.000360 
0.888618, 0.788802, 0.000500, 0.000500 
0.888544, 0.788966, 0.000180, 0.000180 
0.889004, 0.790668, 0.001762, 0.001762 
0.889339, 0.790601, 0.000341, 0.000341 
0.889756, 0.790853, 0.000487, 0.000487 
0.889689, 0.791012, 0.000172, 0.000172 
0.890164, 0.792682, 0.001737, 0.001737 
0.890479, 0.792625, 0.000321, 0.000321 
0.890878, 0.792882, 0.000474, 0.000474 
0.890760, 0.793187, 0.000328, 0.000328 
0.891002, 0.793291, 0.000263, 0.000263 
0.891028, 0.793754, 0.000464, 0.000464 
0.891331, 0.793823, 0.000310, 0.000310 
0.891305, 0.794076, 0.000254, 0.000254 
0.891669, 0.794348, 0.000455, 0.000455 
0.891586, 0.794632, 0.000296, 0.000296 
0.892023, 0.794862, 0.000493, 0.000493 
0.891940, 0.795026, 0.000184, 0.000184 
0.892359, 0.796684, 0.001710, 0.001710 
0.892702, 0.796610, 0.000350, 0.000350 
0.893113, 0.796849, 0.000476, 0.000476 
0.893042, 0.797006, 0.000172, 0.000172 
0.893491, 0.798626, 0.001681, 0.001681 
0.893804, 0.798567, 0.000318, 0.000318 
0.894190, 0.798816, 0.000459, 0.000459 
0.894072, 0.799112, 0.000319, 0.000319 
0.894309, 0.799211, 0.000257, 0.000257 
0.894327, 0.799663, 0.000452, 0.000452 
0.894629, 0.799725, 0.000308, 0.000308 
0.894596, 0.799974, 0.000251, 0.000251 
0.894961, 0.800230, 0.000446, 0.000446 
0.894864, 0.800513, 0.000299, 0.000299 
0.895087, 0.800618, 0.000246, 0.000246 
0.895120, 0.801057, 0.000441, 0.000441 
0.895402, 0.801129, 0.000291, 0.000291 
0.895380, 0.801369, 0.000242, 0.000242 
0.895728, 0.801631, 0.000436, 0.000436 
0.895647, 0.801904, 0.000284, 0.000284 
0.895859, 0.802013, 0.000238, 0.000238 
0.895903, 0.802443, 0.000432, 0.000432 
0.896170, 0.802521, 0.000278, 0.000278 
0.896141, 0.802989, 0.000470, 0.000470 
0.896316, 0.803005, 0.000176, 0.000176 
0.897441, 0.804185, 0.001630, 0.001630 
0.897215, 0.804422, 0.000327, 0.000327 
0.897215, 0.804870, 0.000447, 0.000447 
0.897372, 0.804894, 0.000159, 0.000159 
0.898435, 0.806089, 0.001599, 0.001599 
0.898248, 0.806303, 0.000284, 0.000284 
0.898275, 0.806731, 0.000428, 0.000428 
0.898555, 0.806796, 0.000287, 0.000287 
0.898527, 0.807032, 0.000238, 0.000238 
0.898873, 0.807281, 0.000426, 0.000426 
0.898782, 0.807551, 0.000286, 0.000286 
0.898996, 0.807652, 0.000237, 0.000237 
0.899023, 0.808076, 0.000425, 0.000425 
0.899300, 0.808141, 0.000284, 0.000284 
0.899272, 0.808375, 0.000236, 0.000236 
0.899616, 0.808621, 0.000423, 0.000423 
0.899525, 0.808890, 0.000284, 0.000284 
0.899738, 0.808990, 0.000236, 0.000236 
0.899763, 0.809411, 0.000422, 0.000422 
0.900040, 0.809475, 0.000284, 0.000284 
0.900010, 0.809708, 0.000235, 0.000235 
0.900355, 0.809951, 0.000421, 0.000421 
0.900260, 0.810220, 0.000285, 0.000285 
0.900475, 0.810317, 0.000236, 0.000236 
0.900495, 0.810737, 0.000421, 0.000421 
0.900775, 0.810798, 0.000287, 0.000287 
0.900742, 0.811031, 0.000236, 0.000236 
0.901089, 0.811269, 0.000421, 0.000421 
0.900988, 0.811540, 0.000289, 0.000289 
0.901206, 0.811633, 0.000237, 0.000237 
0.901219, 0.812054, 0.000421, 0.000421 
0.901505, 0.812109, 0.000292, 0.000292 
0.901466, 0.812345, 0.000239, 0.000239 
0.901819, 0.812576, 0.000422, 0.000422 
0.901764, 0.812713, 0.000148, 0.000148 
0.902214, 0.814165, 0.001521, 0.001521 
0.902467, 0.814131, 0.000255, 0.000255 
0.902784, 0.814377, 0.000402, 0.000402 
0.902711, 0.814628, 0.000261, 0.000261 
0.902908, 0.814729, 0.000222, 0.000222 
0.902942, 0.815131, 0.000403, 0.000403 
0.903199, 0.815198, 0.000266, 0.000266 
0.903175, 0.815421, 0.000224, 0.000224 
0.903503, 0.815658, 0.000405, 0.000405 
0.903415, 0.815916, 0.000272, 0.000272 
0.903621, 0.816010, 0.000227, 0.000227 
0.903639, 0.816417, 0.000407, 0.000407 
0.903912, 0.816474, 0.000278, 0.000278 
0.903876, 0.816702, 0.000230, 0.000230 
0.904217, 0.816928, 0.000410, 0.000410 
0.904164, 0.817061, 0.000143, 0.000143 
0.904609, 0.818471, 0.001479, 0.001479 
0.904850, 0.818441, 0.000243, 0.000243 
0.905455, 0.818928, 0.000777, 0.000777 
0.905314, 0.819108, 0.000229, 0.000229 
0.905420, 0.819867, 0.000766, 0.000766 
0.905633, 0.819851, 0.000214, 0.000214 
0.906199, 0.820353, 0.000756, 0.000756 
0.906084, 0.820518, 0.000201, 0.000201 
0.906221, 0.821252, 0.000747, 0.000747 
0.906409, 0.821249, 0.000189, 0.000189 
0.906939, 0.821763, 0.000738, 0.000738 
0.906846, 0.821915, 0.000177, 0.000177 
0.907177, 0.823337, 0.001460, 0.001460 
0.907488, 0.823265, 0.000319, 0.000319 
0.907829, 0.823476, 0.000400, 0.000400 
0.907769, 0.823608, 0.000145, 0.000145 
0.908179, 0.824970, 0.001422, 0.001422 
0.908422, 0.824935, 0.000246, 0.000246 
0.908717, 0.825166, 0.000375, 0.000375 
0.908648, 0.825401, 0.000244, 0.000244 
0.908834, 0.825494, 0.000209, 0.000209 
0.908857, 0.825873, 0.000380, 0.000380 
0.909108, 0.825931, 0.000257, 0.000257 
0.909075, 0.826145, 0.000216, 0.000216 
0.909398, 0.826358, 0.000387, 0.000387 
0.909345, 0.826484, 0.000137, 0.000137 
0.909767, 0.827810, 0.001391, 0.001391 
0.909991, 0.827784, 0.000226, 0.000226 
0.910546, 0.828252, 0.000726, 0.000726 
0.910421, 0.828416, 0.000206, 0.000206 
0.910539, 0.829120, 0.000714, 0.000714 
0.910728, 0.829112, 0.000188, 0.000188 
0.911234, 0.829600, 0.000703, 0.000703 
0.911141, 0.829746, 0.000173, 0.000173 
0.911456, 0.831097, 0.001387, 0.001387 
0.911752, 0.831030, 0.000304, 0.000304 
0.912069, 0.831234, 0.000377, 0.000377 
0.912014, 0.831358, 0.000136, 0.000136 
0.912418, 0.832644, 0.001348, 0.001348 
0.912638, 0.832617, 0.000222, 0.000222 
0.913174, 0.833072, 0.000702, 0.000702 
0.913053, 0.833231, 0.000200, 0.000200 
0.913172, 0.833910, 0.000689, 0.000689 
0.913351, 0.833904, 0.000179, 0.000179 
0.913833, 0.834382, 0.000678, 0.000678 
0.913748, 0.834520, 0.000162, 0.000162 
0.914071, 0.835818, 0.001338, 0.001338 
0.914343, 0.835761, 0.000278, 0.000278 
0.914638, 0.835966, 0.000359, 0.000359 
0.914591, 0.836083, 0.000125, 0.000125 
0.915413, 0.838551, 0.002602, 0.002602 
0.915782, 0.838440, 0.000385, 0.000385 
0.915956, 0.838525, 0.000193, 0.000193 
0.915968, 0.838877, 0.000352, 0.000352 
0.916089, 0.838900, 0.000123, 0.000123 
0.917684, 0.840892, 0.002552, 0.002552 
0.917396, 0.841137, 0.000378, 0.000378 
0.917376, 0.841324, 0.000188, 0.000188 
0.917657, 0.841522, 0.000344, 0.000344 
0.917613, 0.841634, 0.000120, 0.000120 
0.918413, 0.844003, 0.002501, 0.002501 
0.918759, 0.843902, 0.000361, 0.000361 
0.918921, 0.843987, 0.000182, 0.000182 
0.918938, 0.844322, 0.000336, 0.000336 
0.919165, 0.844371, 0.000232, 0.000232 
0.919127, 0.844563, 0.000196, 0.000196 
0.919428, 0.844743, 0.000351, 0.000351 
0.919368, 0.844861, 0.000132, 0.000132 
0.919724, 0.846038, 0.001229, 0.001229 
0.919933, 0.846010, 0.000211, 0.000211 
0.920415, 0.846428, 0.000638, 0.000638 
0.920306, 0.846571, 0.000181, 0.000181 
0.920426, 0.847183, 0.000623, 0.000623 
0.920581, 0.847183, 0.000155, 0.000155 
0.921416, 0.848077, 0.001224, 0.001224 
0.921235, 0.848259, 0.000257, 0.000257 
0.921254, 0.848583, 0.000324, 0.000324 
0.921471, 0.848632, 0.000223, 0.000223 
0.921434, 0.848818, 0.000190, 0.000190 
0.921727, 0.848992, 0.000341, 0.000341 
0.921668, 0.849107, 0.000129, 0.000129 
0.922015, 0.850247, 0.001191, 0.001191 
0.922216, 0.850221, 0.000203, 0.000203 
0.922677, 0.850630, 0.000616, 0.000616 
0.922575, 0.850767, 0.000171, 0.000171 
0.922698, 0.851356, 0.000601, 0.000601 
0.922843, 0.851359, 0.000145, 0.000145 
0.923634, 0.852237, 0.001182, 0.001182 
0.923472, 0.852405, 0.000234, 0.000234 
0.923500, 0.852714, 0.000310, 0.000310 
0.923699, 0.852768, 0.000206, 0.000206 
0.923671, 0.852944, 0.000179, 0.000179 
0.923945, 0.853119, 0.000325, 0.000325 
0.923893, 0.853227, 0.000120, 0.000120 
0.924597, 0.855421, 0.002303, 0.002303 
0.924940, 0.855315, 0.000359, 0.000359 
0.925089, 0.855392, 0.000169, 0.000169 
0.925099, 0.855703, 0.000311, 0.000311 
0.925208, 0.855724, 0.000110, 0.000110 
0.926586, 0.857505, 0.002252, 0.002252 
0.926347, 0.857712, 0.000316, 0.000316 
0.926333, 0.858030, 0.000318, 0.000318 
0.926454, 0.858042, 0.000122, 0.000122 
0.927160, 0.858902, 0.001112, 0.001112 
0.927040, 0.859043, 0.000185, 0.000185 
0.927137, 0.859606, 0.000571, 0.000571 
0.927287, 0.859601, 0.000151, 0.000151 
0.928048, 0.860416, 0.001115, 0.001115 
0.927878, 0.860584, 0.000239, 0.000239 
0.927899, 0.860876, 0.000293, 0.000293 
0.928093, 0.860923, 0.000199, 0.000199 
0.928060, 0.861092, 0.000172, 0.000172 
0.928328, 0.861250, 0.000312, 0.000312 
0.928271, 0.861356, 0.000120, 0.000120 
0.928591, 0.862392, 0.001083, 0.001083 
0.928770, 0.862370, 0.000181, 0.000181 
0.929174, 0.862752, 0.000555, 0.000555 
0.929090, 0.862872, 0.000146, 0.000146 
0.929351, 0.863924, 0.001084, 0.001084 
0.929573, 0.863879, 0.000226, 0.000226 
0.929794, 0.864056, 0.000283, 0.000283 
0.929733, 0.864236, 0.000190, 0.000190 
0.929885, 0.864301, 0.000166, 0.000166 
0.929873, 0.864603, 0.000301, 0.000301 
0.929988, 0.864615, 0.000115, 0.000115 
0.931310, 0.866256, 0.002108, 0.002108 
0.931051, 0.866468, 0.000335, 0.000335 
0.931038, 0.866619, 0.000152, 0.000152 
0.931267, 0.866785, 0.000283, 0.000283 
0.931229, 0.866878, 0.000100, 0.000100 
0.931916, 0.868817, 0.002057, 0.002057 
0.932176, 0.868749, 0.000269, 0.000269 
0.932409, 0.868908, 0.000282, 0.000282 
0.932367, 0.869001, 0.000103, 0.000103 
0.933024, 0.870916, 0.002024, 0.002024 
0.933294, 0.870841, 0.000280, 0.000280 
0.933528, 0.870995, 0.000280, 0.000280 
0.933483, 0.871089, 0.000104, 0.000104 
0.934118, 0.872976, 0.001991, 0.001991 
0.934392, 0.872897, 0.000286, 0.000286 
0.934625, 0.873047, 0.000277, 0.000277 
0.934579, 0.873140, 0.000104, 0.000104 
0.935197, 0.874997, 0.001957, 0.001957 
0.935471, 0.874918, 0.000285, 0.000285 
0.935701, 0.875065, 0.000273, 0.000273 
0.935654, 0.875157, 0.000103, 0.000103 
0.936262, 0.876981, 0.001923, 0.001923 
0.936531, 0.876904, 0.000279, 0.000279 
0.936754, 0.877049, 0.000267, 0.000267 
0.936710, 0.877139, 0.000100, 0.000100 
0.937314, 0.878928, 0.001888, 0.001888 
0.937572, 0.878856, 0.000268, 0.000268 
0.937788, 0.879001, 0.000260, 0.000260 
0.937746, 0.879088, 0.000096, 0.000096 
0.938353, 0.880839, 0.001853, 0.001853 
0.938595, 0.880774, 0.000251, 0.000251 
0.938801, 0.880920, 0.000252, 0.000252 
0.938764, 0.881003, 0.000091, 0.000091 
0.939376, 0.882715, 0.001818, 0.001818 
0.939600, 0.882659, 0.000231, 0.000231 
0.939794, 0.882807, 0.000244, 0.000244 
0.939763, 0.882886, 0.000085, 0.000085 
0.940384, 0.884559, 0.001784, 0.001784 
0.940588, 0.884513, 0.000208, 0.000208 
0.940769, 0.884663, 0.000236, 0.000236 
0.940718, 0.884813, 0.000158, 0.000158 
0.940848, 0.884867, 0.000141, 0.000141 
0.940838, 0.884995, 0.000129, 0.000129 
0.941035, 0.885136, 0.000242, 0.000242 
0.940999, 0.885216, 0.000088, 0.000088 
0.941593, 0.886860, 0.001748, 0.001748 
0.941804, 0.886809, 0.000217, 0.000217 
0.941986, 0.886954, 0.000232, 0.000232 
0.941930, 0.887103, 0.000160, 0.000160 
0.942062, 0.887154, 0.000141, 0.000141 
0.942048, 0.887281, 0.000128, 0.000128 
0.942247, 0.887416, 0.000240, 0.000240 
0.942208, 0.887497, 0.000090, 0.000090 
0.942776, 0.889112, 0.001712, 0.001712 
0.942993, 0.889056, 0.000224, 0.000224 
0.943174, 0.889196, 0.000229, 0.000229 
0.943145, 0.889271, 0.000080, 0.000080 
0.944330, 0.892410, 0.003356, 0.003356 
0.944679, 0.892283, 0.000372, 0.000372 
0.944795, 0.892336, 0.000128, 0.000128 
0.944780, 0.892572, 0.000237, 0.000237 
0.944874, 0.892579, 0.000094, 0.000094 
0.945864, 0.893878, 0.001634, 0.001634 
0.945682, 0.894031, 0.000238, 0.000238 
0.945688, 0.894252, 0.000221, 0.000221 
0.945767, 0.894266, 0.000080, 0.000080 
0.946691, 0.895570, 0.001598, 0.001598 
0.946553, 0.895697, 0.000188, 0.000188 
0.946603, 0.896112, 0.000418, 0.000418 
0.946728, 0.896101, 0.000125, 0.000125 
0.947258, 0.896700, 0.000800, 0.000800 
0.947140, 0.896817, 0.000166, 0.000166 
0.947205, 0.897219, 0.000407, 0.000407 
0.947316, 0.897215, 0.000111, 0.000111 
0.947819, 0.897818, 0.000786, 0.000786 
0.947720, 0.897924, 0.000145, 0.000145 
0.947799, 0.898313, 0.000397, 0.000397 
0.947898, 0.898315, 0.000098, 0.000098 
0.948851, 0.899530, 0.001544, 0.001544 
0.948659, 0.899684, 0.000247, 0.000247 
0.948660, 0.899895, 0.000211, 0.000211 
0.948738, 0.899907, 0.000078, 0.000078 
0.949611, 0.901135, 0.001507, 0.001507 
0.949477, 0.901257, 0.000181, 0.000181 
0.949526, 0.901647, 0.000393, 0.000393 
0.949642, 0.901638, 0.000117, 0.000117 
0.950133, 0.902208, 0.000752, 0.000752 
0.950028, 0.902314, 0.000149, 0.000149 
0.950099, 0.902688, 0.000380, 0.000380 
0.950196, 0.902688, 0.000098, 0.000098 
0.951110, 0.903845, 0.001474, 0.001474 
0.950921, 0.903995, 0.000241, 0.000241 
0.950923, 0.904195, 0.000200, 0.000200 
0.950997, 0.904207, 0.000074, 0.000074 
0.952648, 0.906560, 0.002874, 0.002874 
0.952376, 0.906751, 0.000332, 0.000332 
0.952362, 0.906856, 0.000106, 0.000106 
0.952531, 0.906963, 0.000200, 0.000200 
0.952492, 0.907031, 0.000079, 0.000079 
0.952957, 0.908346, 0.001394, 0.001394 
0.953130, 0.908303, 0.000179, 0.000179 
0.953403, 0.908544, 0.000364, 0.000364 
0.953333, 0.908629, 0.000110, 0.000110 
0.953513, 0.909300, 0.000694, 0.000694 
0.953646, 0.909278, 0.000135, 0.000135 
0.953886, 0.909531, 0.000349, 0.000349 
0.953839, 0.909603, 0.000085, 0.000085 
0.954266, 0.910892, 0.001357, 0.001357 
0.954455, 0.910839, 0.000197, 0.000197 
0.954594, 0.910953, 0.000179, 0.000179 
0.954572, 0.911011, 0.000062, 0.000062 
0.955553, 0.913472, 0.002649, 0.002649 
0.955785, 0.913395, 0.000245, 0.000245 
0.955936, 0.913497, 0.000182, 0.000182 
0.955904, 0.913559, 0.000070, 0.000070 
0.956796, 0.915975, 0.002576, 0.002576 
0.957074, 0.915875, 0.000295, 0.000295 
0.957155, 0.915920, 0.000093, 0.000093 
0.957152, 0.916096, 0.000177, 0.000177 
0.957219, 0.916105, 0.000068, 0.000068 
0.958642, 0.918155, 0.002495, 0.002495 
0.958408, 0.918319, 0.000285, 0.000285 
0.958400, 0.918408, 0.000089, 0.000089 
0.958541, 0.918504, 0.000170, 0.000170 
0.958511, 0.918562, 0.000065, 0.000065 
0.959361, 0.920824, 0.002416, 0.002416 
0.959609, 0.920736, 0.000263, 0.000263 
0.959754, 0.920825, 0.000170, 0.000170 
0.959719, 0.920884, 0.000069, 0.000069 
0.960117, 0.921988, 0.001174, 0.001174 
0.960256, 0.921956, 0.000143, 0.000143 
0.960470, 0.922168, 0.000301, 0.000301 
0.960422, 0.922234, 0.000081, 0.000081 
0.960779, 0.923336, 0.001158, 0.001158 
0.960945, 0.923289, 0.000173, 0.000173 
0.961174, 0.923487, 0.000303, 0.000303 
0.961112, 0.923559, 0.000095, 0.000095 
0.961268, 0.924110, 0.000573, 0.000573 
0.961371, 0.924096, 0.000104, 0.000104 
0.961741, 0.924531, 0.000571, 0.000571 
0.961660, 0.924612, 0.000115, 0.000115 
0.961789, 0.925168, 0.000571, 0.000571 
0.961912, 0.925143, 0.000126, 0.000126 
0.962108, 0.925350, 0.000285, 0.000285 
0.962069, 0.925409, 0.000071, 0.000071 
0.962432, 0.926453, 0.001105, 0.001105 
0.962572, 0.926418, 0.000144, 0.000144 
0.962775, 0.926616, 0.000284, 0.000284 
0.962728, 0.926679, 0.000079, 0.000079 
0.963062, 0.927715, 0.001089, 0.001089 
0.963219, 0.927670, 0.000163, 0.000163 
0.963430, 0.927859, 0.000283, 0.000283 
0.963374, 0.927925, 0.000086, 0.000086 
0.963528, 0.928440, 0.000537, 0.000537 
0.963619, 0.928429, 0.000092, 0.000092 
0.963955, 0.928845, 0.000534, 0.000534 
0.963888, 0.928916, 0.000097, 0.000097 
0.964027, 0.929430, 0.000532, 0.000532 
0.964128, 0.929414, 0.000103, 0.000103 
0.964472, 0.929817, 0.000530, 0.000530 
0.964395, 0.929893, 0.000108, 0.000108 
0.964518, 0.930406, 0.000528, 0.000528 
0.964629, 0.930384, 0.000113, 0.000113 
0.964981, 0.930775, 0.000526, 0.000526 
0.964893, 0.930855, 0.000119, 0.000119 
0.964948, 0.931111, 0.000262, 0.000262 
0.965011, 0.931114, 0.000064, 0.000064 
0.965592, 0.931946, 0.001015, 0.001015 
0.965500, 0.932028, 0.000124, 0.000124 
0.965550, 0.932282, 0.000258, 0.000258 
0.965615, 0.932283, 0.000065, 0.000065 
0.966191, 0.933098, 0.000998, 0.000998 
0.966096, 0.933181, 0.000127, 0.000127 
0.966143, 0.933431, 0.000254, 0.000254 
0.966208, 0.933431, 0.000066, 0.000066 
0.966776, 0.934230, 0.000980, 0.000980 
0.966680, 0.934313, 0.000127, 0.000127 
0.966726, 0.934559, 0.000250, 0.000250 
0.966791, 0.934559, 0.000065, 0.000065 
0.967348, 0.935344, 0.000963, 0.000963 
0.967254, 0.935426, 0.000124, 0.000124 
0.967300, 0.935667, 0.000245, 0.000245 
0.967363, 0.935667, 0.000063, 0.000063 
0.967907, 0.936440, 0.000945, 0.000945 
0.967817, 0.936519, 0.000119, 0.000119 
0.967864, 0.936754, 0.000240, 0.000240 
0.967924, 0.936756, 0.000060, 0.000060 
0.968453, 0.937518, 0.000928, 0.000928 
0.968370, 0.937593, 0.000112, 0.000112 
0.968419, 0.937823, 0.000235, 0.000235 
0.968476, 0.937825, 0.000057, 0.000057 
0.969501, 0.939330, 0.001821, 0.001821 
0.969333, 0.939448, 0.000205, 0.000205 
0.969333, 0.939571, 0.000123, 0.000123 
0.969380, 0.939578, 0.000047, 0.000047 
0.970332, 0.941061, 0.001763, 0.001763 
0.970207, 0.941156, 0.000157, 0.000157 
0.970230, 0.941383, 0.000229, 0.000229 
0.970302, 0.941376, 0.000073, 0.000073 
0.970821, 0.942065, 0.000863, 0.000863 
0.970716, 0.942149, 0.000135, 0.000135 
0.970749, 0.942368, 0.000221, 0.000221 
0.970811, 0.942365, 0.000063, 0.000063 
0.971302, 0.943052, 0.000844, 0.000844 
0.971215, 0.943125, 0.000113, 0.000113 
0.971258, 0.943335, 0.000214, 0.000214 
0.971311, 0.943336, 0.000054, 0.000054 
0.972239, 0.944705, 0.001653, 0.001653 
0.972087, 0.944811, 0.000185, 0.000185 
0.972090, 0.944921, 0.000111, 0.000111 
0.972130, 0.944929, 0.000041, 0.000041 
0.973826, 0.947640, 0.003198, 0.003198 
0.973612, 0.947776, 0.000253, 0.000253 
0.973605, 0.947832, 0.000057, 0.000057 
0.973697, 0.947891, 0.000109, 0.000109 
0.973674, 0.947929, 0.000044, 0.000044 
0.974226, 0.949336, 0.001511, 0.001511 
0.974360, 0.949293, 0.000141, 0.000141 
0.974504, 0.949425, 0.000195, 0.000195 
0.974465, 0.949470, 0.000060, 0.000060 
0.974700, 0.950169, 0.000737, 0.000737 
0.974798, 0.950143, 0.000102, 0.000102 
0.974923, 0.950281, 0.000186, 0.000186 
0.974898, 0.950319, 0.000045, 0.000045 
0.975415, 0.951663, 0.001440, 0.001440 
0.975550, 0.951619, 0.000142, 0.000142 
0.975690, 0.951743, 0.000187, 0.000187 
0.975651, 0.951788, 0.000059, 0.000059 
0.975874, 0.952453, 0.000702, 0.000702 
0.975968, 0.952429, 0.000097, 0.000097 
0.976204, 0.952693, 0.000354, 0.000354 
0.976143, 0.952748, 0.000082, 0.000082 
0.976232, 0.953084, 0.000348, 0.000348 
0.976299, 0.953073, 0.000068, 0.000068 
0.976715, 0.953619, 0.000686, 0.000686 
0.976626, 0.953688, 0.000113, 0.000113 
0.976656, 0.953860, 0.000174, 0.000174 
0.976703, 0.953859, 0.000047, 0.000047 
0.977445, 0.954970, 0.001336, 0.001336 
0.977325, 0.955054, 0.000146, 0.000146 
0.977333, 0.955140, 0.000087, 0.000087 
0.977362, 0.955148, 0.000030, 0.000030 
0.978681, 0.957368, 0.002583, 0.002583 
0.978551, 0.957456, 0.000157, 0.000157 
0.978556, 0.957540, 0.000084, 0.000084 
0.978585, 0.957546, 0.000030, 0.000030 
0.979840, 0.959640, 0.002441, 0.002441 
0.979709, 0.959727, 0.000158, 0.000158 
0.979712, 0.959807, 0.000079, 0.000079 
0.979740, 0.959812, 0.000029, 0.000029 
0.980926, 0.961792, 0.002308, 0.002308 
0.980801, 0.961875, 0.000151, 0.000151 
0.980804, 0.961949, 0.000075, 0.000075 
0.980831, 0.961955, 0.000027, 0.000027 
0.981944, 0.963830, 0.002181, 0.002181 
0.981832, 0.963905, 0.000135, 0.000135 
0.981838, 0.963975, 0.000070, 0.000070 
0.981861, 0.963981, 0.000025, 0.000025 
0.983939, 0.967541, 0.004122, 0.004122 
0.983742, 0.967657, 0.000229, 0.000229 
0.983736, 0.967693, 0.000036, 0.000036 
0.983766, 0.967710, 0.000035, 0.000035 
0.983763, 0.967743, 0.000034, 0.000034 
0.983818, 0.967780, 0.000066, 0.000066 
0.983804, 0.967803, 0.000027, 0.000027 
0.984514, 0.969500, 0.001840, 0.001840 
0.984634, 0.969455, 0.000128, 0.000128 
0.984679, 0.969493, 0.000059, 0.000059 
0.984670, 0.969512, 0.000021, 0.000021 
0.986068, 0.972694, 0.003476, 0.003476 
0.986236, 0.972623, 0.000182, 0.000182 
0.986261, 0.972638, 0.000029, 0.000029 
0.986257, 0.972694, 0.000056, 0.000056 
0.986280, 0.972696, 0.000024, 0.000024 
0.987081, 0.974029, 0.001555, 0.001555 
0.986991, 0.974087, 0.000108, 0.000108 
0.986995, 0.974137, 0.000049, 0.000049 
0.987012, 0.974141, 0.000017, 0.000017 
0.988458, 0.976698, 0.002938, 0.002938 
0.988345, 0.976767, 0.000132, 0.000132 
0.988345, 0.976813, 0.000046, 0.000046 
0.988363, 0.976815, 0.000018, 0.000018 
0.989683, 0.979091, 0.002631, 0.002631 
0.989556, 0.979166, 0.000147, 0.000147 
0.989554, 0.979187, 0.000022, 0.000022 
0.989589, 0.979211, 0.000042, 0.000042 
0.989580, 0.979225, 0.000017, 0.000017 
0.990045, 0.980307, 0.001177, 0.001177 
0.990110, 0.980284, 0.000069, 0.000069 
0.990159, 0.980337, 0.000073, 0.000073 
0.990148, 0.980352, 0.000019, 0.000019 
0.990575, 0.981380, 0.001113, 0.001113 
0.990648, 0.981353, 0.000078, 0.000078 
0.990698, 0.981401, 0.000070, 0.000070 
0.990685, 0.981417, 0.000021, 0.000021 
0.991078, 0.982394, 0.001053, 0.001053 
0.991157, 0.982363, 0.000085, 0.000085 
0.991181, 0.982385, 0.000033, 0.000033 
0.991177, 0.982396, 0.000012, 0.000012 
0.992824, 0.986016, 0.003977, 0.003977 
0.992961, 0.985954, 0.000150, 0.000150 
0.992975, 0.985961, 0.000016, 0.000016 
0.992973, 0.985976, 0.000015, 0.000015 
0.992986, 0.985983, 0.000015, 0.000015 
0.992984, 0.985998, 0.000015, 0.000015 
0.992996, 0.986006, 0.000014, 0.000014 
0.992995, 0.986034, 0.000028, 0.000028 
0.993007, 0.986035, 0.000012, 0.000012 
0.993788, 0.987402, 0.001575, 0.001575 
0.993718, 0.987444, 0.000082, 0.000082 
0.993718, 0.987468, 0.000024, 0.000024 
0.993727, 0.987469, 0.000009, 0.000009 
0.994414, 0.988702, 0.001411, 0.001411 
0.994364, 0.988733, 0.000059, 0.000059 
0.994369, 0.988775, 0.000042, 0.000042 
0.994382, 0.988774, 0.000013, 0.000013 
0.994707, 0.989316, 0.000633, 0.000633 
0.994668, 0.989341, 0.000046, 0.000046 
0.994675, 0.989379, 0.000039, 0.000039 
0.994686, 0.989379, 0.000010, 0.000010 
0.995285, 0.990414, 0.001195, 0.001195 
0.995225, 0.990449, 0.000069, 0.000069 
0.995225, 0.990467, 0.000019, 0.000019 
0.995232, 0.990468, 0.000007, 0.000007 
0.995751, 0.991405, 0.001071, 0.001071 
0.995715, 0.991428, 0.000043, 0.000043 
0.995719, 0.991459, 0.000032, 0.000032 
0.995728, 0.991459, 0.000009, 0.000009 
0.995970, 0.991874, 0.000480, 0.000480 
0.995946, 0.991890, 0.000029, 0.000029 
0.995959, 0.991946, 0.000058, 0.000058 
0.995972, 0.991944, 0.000012, 0.000012 
0.996092, 0.992137, 0.000227, 0.000227 
0.996075, 0.992149, 0.000021, 0.000021 
0.996108, 0.992255, 0.000112, 0.000112 
0.996125, 0.992251, 0.000018, 0.000018 
0.996188, 0.992341, 0.000110, 0.000110 
